sample_id,fault_type,intensity,mode,file_path
leak+blockage_start_0001,leak+blockage,start,low,synthetic_data\combined_faults\leak+blockage_start_low_0001.csv
leak+temp+vib_low_0002,leak+temp+vib,low,start,synthetic_data\combined_faults\leak+temp+vib_low_start_0002.csv
 blockage+pressure_low_0003, blockage+pressure,low,start,synthetic_data\combined_faults\ blockage+pressure_low_start_0003.csv
leak+blockage_start_0004,leak+blockage,start,low,synthetic_data\combined_faults\leak+blockage_start_low_0004.csv
leak+temp+vib_low_0005,leak+temp+vib,low,start,synthetic_data\combined_faults\leak+temp+vib_low_start_0005.csv
 blockage+pressure_low_0006, blockage+pressure,low,start,synthetic_data\combined_faults\ blockage+pressure_low_start_0006.csv
leak+blockage_start_0007,leak+blockage,start,low,synthetic_data\combined_faults\leak+blockage_start_low_0007.csv
leak+temp+vib_low_0008,leak+temp+vib,low,start,synthetic_data\combined_faults\leak+temp+vib_low_start_0008.csv
 blockage+pressure_low_0009, blockage+pressure,low,start,synthetic_data\combined_faults\ blockage+pressure_low_start_0009.csv
leak+blockage_start_0010,leak+blockage,start,low,synthetic_data\combined_faults\leak+blockage_start_low_0010.csv
leak+temp+vib_low_0011,leak+temp+vib,low,start,synthetic_data\combined_faults\leak+temp+vib_low_start_0011.csv
 blockage+pressure_low_0012, blockage+pressure,low,start,synthetic_data\combined_faults\ blockage+pressure_low_start_0012.csv
leak+blockage_start_0013,leak+blockage,start,low,synthetic_data\combined_faults\leak+blockage_start_low_0013.csv
leak+temp+vib_low_0014,leak+temp+vib,low,start,synthetic_data\combined_faults\leak+temp+vib_low_start_0014.csv
 blockage+pressure_low_0015, blockage+pressure,low,start,synthetic_data\combined_faults\ blockage+pressure_low_start_0015.csv
leak+blockage_start_0016,leak+blockage,start,low,synthetic_data\combined_faults\leak+blockage_start_low_0016.csv
leak+temp+vib_low_0017,leak+temp+vib,low,start,synthetic_data\combined_faults\leak+temp+vib_low_start_0017.csv
 blockage+pressure_low_0018, blockage+pressure,low,start,synthetic_data\combined_faults\ blockage+pressure_low_start_0018.csv
leak+blockage_start_0019,leak+blockage,start,low,synthetic_data\combined_faults\leak+blockage_start_low_0019.csv
leak+temp+vib_low_0020,leak+temp+vib,low,start,synthetic_data\combined_faults\leak+temp+vib_low_start_0020.csv
 blockage+pressure_low_0021, blockage+pressure,low,start,synthetic_data\combined_faults\ blockage+pressure_low_start_0021.csv
leak+blockage_start_0022,leak+blockage,start,low,synthetic_data\combined_faults\leak+blockage_start_low_0022.csv
leak+temp+vib_low_0023,leak+temp+vib,low,start,synthetic_data\combined_faults\leak+temp+vib_low_start_0023.csv
 blockage+pressure_low_0024, blockage+pressure,low,start,synthetic_data\combined_faults\ blockage+pressure_low_start_0024.csv
leak+blockage_start_0025,leak+blockage,start,low,synthetic_data\combined_faults\leak+blockage_start_low_0025.csv
leak+temp+vib_low_0026,leak+temp+vib,low,start,synthetic_data\combined_faults\leak+temp+vib_low_start_0026.csv
 blockage+pressure_low_0027, blockage+pressure,low,start,synthetic_data\combined_faults\ blockage+pressure_low_start_0027.csv
leak+blockage_start_0028,leak+blockage,start,low,synthetic_data\combined_faults\leak+blockage_start_low_0028.csv
leak+temp+vib_low_0029,leak+temp+vib,low,start,synthetic_data\combined_faults\leak+temp+vib_low_start_0029.csv
 blockage+pressure_low_0030, blockage+pressure,low,start,synthetic_data\combined_faults\ blockage+pressure_low_start_0030.csv
leak+blockage_start_0031,leak+blockage,start,low,synthetic_data\combined_faults\leak+blockage_start_low_0031.csv
leak+temp+vib_low_0032,leak+temp+vib,low,start,synthetic_data\combined_faults\leak+temp+vib_low_start_0032.csv
 blockage+pressure_low_0033, blockage+pressure,low,start,synthetic_data\combined_faults\ blockage+pressure_low_start_0033.csv
leak+blockage_start_0034,leak+blockage,start,low,synthetic_data\combined_faults\leak+blockage_start_low_0034.csv
leak+temp+vib_low_0035,leak+temp+vib,low,start,synthetic_data\combined_faults\leak+temp+vib_low_start_0035.csv
 blockage+pressure_low_0036, blockage+pressure,low,start,synthetic_data\combined_faults\ blockage+pressure_low_start_0036.csv
leak+blockage_start_0037,leak+blockage,start,low,synthetic_data\combined_faults\leak+blockage_start_low_0037.csv
leak+temp+vib_low_0038,leak+temp+vib,low,start,synthetic_data\combined_faults\leak+temp+vib_low_start_0038.csv
 blockage+pressure_low_0039, blockage+pressure,low,start,synthetic_data\combined_faults\ blockage+pressure_low_start_0039.csv
leak+blockage_start_0040,leak+blockage,start,low,synthetic_data\combined_faults\leak+blockage_start_low_0040.csv
leak+temp+vib_low_0041,leak+temp+vib,low,start,synthetic_data\combined_faults\leak+temp+vib_low_start_0041.csv
 blockage+pressure_low_0042, blockage+pressure,low,start,synthetic_data\combined_faults\ blockage+pressure_low_start_0042.csv
leak+blockage_start_0043,leak+blockage,start,low,synthetic_data\combined_faults\leak+blockage_start_low_0043.csv
leak+temp+vib_low_0044,leak+temp+vib,low,start,synthetic_data\combined_faults\leak+temp+vib_low_start_0044.csv
 blockage+pressure_low_0045, blockage+pressure,low,start,synthetic_data\combined_faults\ blockage+pressure_low_start_0045.csv
leak+blockage_start_0046,leak+blockage,start,low,synthetic_data\combined_faults\leak+blockage_start_low_0046.csv
leak+temp+vib_low_0047,leak+temp+vib,low,start,synthetic_data\combined_faults\leak+temp+vib_low_start_0047.csv
 blockage+pressure_low_0048, blockage+pressure,low,start,synthetic_data\combined_faults\ blockage+pressure_low_start_0048.csv
leak+blockage_start_0049,leak+blockage,start,low,synthetic_data\combined_faults\leak+blockage_start_low_0049.csv
leak+temp+vib_low_0050,leak+temp+vib,low,start,synthetic_data\combined_faults\leak+temp+vib_low_start_0050.csv
 blockage+pressure_low_0051, blockage+pressure,low,start,synthetic_data\combined_faults\ blockage+pressure_low_start_0051.csv
leak+blockage_start_0052,leak+blockage,start,low,synthetic_data\combined_faults\leak+blockage_start_low_0052.csv
leak+temp+vib_low_0053,leak+temp+vib,low,start,synthetic_data\combined_faults\leak+temp+vib_low_start_0053.csv
 blockage+pressure_low_0054, blockage+pressure,low,start,synthetic_data\combined_faults\ blockage+pressure_low_start_0054.csv
leak+blockage_start_0055,leak+blockage,start,low,synthetic_data\combined_faults\leak+blockage_start_low_0055.csv
leak+temp+vib_low_0056,leak+temp+vib,low,start,synthetic_data\combined_faults\leak+temp+vib_low_start_0056.csv
 blockage+pressure_low_0057, blockage+pressure,low,start,synthetic_data\combined_faults\ blockage+pressure_low_start_0057.csv
leak+blockage_start_0058,leak+blockage,start,low,synthetic_data\combined_faults\leak+blockage_start_low_0058.csv
leak+temp+vib_low_0059,leak+temp+vib,low,start,synthetic_data\combined_faults\leak+temp+vib_low_start_0059.csv
 blockage+pressure_low_0060, blockage+pressure,low,start,synthetic_data\combined_faults\ blockage+pressure_low_start_0060.csv
leak+blockage_start_0061,leak+blockage,start,low,synthetic_data\combined_faults\leak+blockage_start_low_0061.csv
leak+temp+vib_low_0062,leak+temp+vib,low,start,synthetic_data\combined_faults\leak+temp+vib_low_start_0062.csv
 blockage+pressure_low_0063, blockage+pressure,low,start,synthetic_data\combined_faults\ blockage+pressure_low_start_0063.csv
leak+blockage_start_0064,leak+blockage,start,low,synthetic_data\combined_faults\leak+blockage_start_low_0064.csv
leak+temp+vib_low_0065,leak+temp+vib,low,start,synthetic_data\combined_faults\leak+temp+vib_low_start_0065.csv
 blockage+pressure_low_0066, blockage+pressure,low,start,synthetic_data\combined_faults\ blockage+pressure_low_start_0066.csv
leak+blockage_start_0067,leak+blockage,start,low,synthetic_data\combined_faults\leak+blockage_start_low_0067.csv
leak+temp+vib_low_0068,leak+temp+vib,low,start,synthetic_data\combined_faults\leak+temp+vib_low_start_0068.csv
 blockage+pressure_low_0069, blockage+pressure,low,start,synthetic_data\combined_faults\ blockage+pressure_low_start_0069.csv
leak+blockage_start_0070,leak+blockage,start,low,synthetic_data\combined_faults\leak+blockage_start_low_0070.csv
leak+temp+vib_low_0071,leak+temp+vib,low,start,synthetic_data\combined_faults\leak+temp+vib_low_start_0071.csv
 blockage+pressure_low_0072, blockage+pressure,low,start,synthetic_data\combined_faults\ blockage+pressure_low_start_0072.csv
leak+blockage_start_0073,leak+blockage,start,low,synthetic_data\combined_faults\leak+blockage_start_low_0073.csv
leak+temp+vib_low_0074,leak+temp+vib,low,start,synthetic_data\combined_faults\leak+temp+vib_low_start_0074.csv
 blockage+pressure_low_0075, blockage+pressure,low,start,synthetic_data\combined_faults\ blockage+pressure_low_start_0075.csv
leak+blockage_start_0076,leak+blockage,start,high,synthetic_data\combined_faults\leak+blockage_start_high_0076.csv
leak+temp+vib_high_0077,leak+temp+vib,high,start,synthetic_data\combined_faults\leak+temp+vib_high_start_0077.csv
 blockage+pressure_high_0078, blockage+pressure,high,start,synthetic_data\combined_faults\ blockage+pressure_high_start_0078.csv
leak+blockage_start_0079,leak+blockage,start,high,synthetic_data\combined_faults\leak+blockage_start_high_0079.csv
leak+temp+vib_high_0080,leak+temp+vib,high,start,synthetic_data\combined_faults\leak+temp+vib_high_start_0080.csv
 blockage+pressure_high_0081, blockage+pressure,high,start,synthetic_data\combined_faults\ blockage+pressure_high_start_0081.csv
leak+blockage_start_0082,leak+blockage,start,high,synthetic_data\combined_faults\leak+blockage_start_high_0082.csv
leak+temp+vib_high_0083,leak+temp+vib,high,start,synthetic_data\combined_faults\leak+temp+vib_high_start_0083.csv
 blockage+pressure_high_0084, blockage+pressure,high,start,synthetic_data\combined_faults\ blockage+pressure_high_start_0084.csv
leak+blockage_start_0085,leak+blockage,start,high,synthetic_data\combined_faults\leak+blockage_start_high_0085.csv
leak+temp+vib_high_0086,leak+temp+vib,high,start,synthetic_data\combined_faults\leak+temp+vib_high_start_0086.csv
 blockage+pressure_high_0087, blockage+pressure,high,start,synthetic_data\combined_faults\ blockage+pressure_high_start_0087.csv
leak+blockage_start_0088,leak+blockage,start,high,synthetic_data\combined_faults\leak+blockage_start_high_0088.csv
leak+temp+vib_high_0089,leak+temp+vib,high,start,synthetic_data\combined_faults\leak+temp+vib_high_start_0089.csv
 blockage+pressure_high_0090, blockage+pressure,high,start,synthetic_data\combined_faults\ blockage+pressure_high_start_0090.csv
leak+blockage_start_0091,leak+blockage,start,high,synthetic_data\combined_faults\leak+blockage_start_high_0091.csv
leak+temp+vib_high_0092,leak+temp+vib,high,start,synthetic_data\combined_faults\leak+temp+vib_high_start_0092.csv
 blockage+pressure_high_0093, blockage+pressure,high,start,synthetic_data\combined_faults\ blockage+pressure_high_start_0093.csv
leak+blockage_start_0094,leak+blockage,start,high,synthetic_data\combined_faults\leak+blockage_start_high_0094.csv
leak+temp+vib_high_0095,leak+temp+vib,high,start,synthetic_data\combined_faults\leak+temp+vib_high_start_0095.csv
 blockage+pressure_high_0096, blockage+pressure,high,start,synthetic_data\combined_faults\ blockage+pressure_high_start_0096.csv
leak+blockage_start_0097,leak+blockage,start,high,synthetic_data\combined_faults\leak+blockage_start_high_0097.csv
leak+temp+vib_high_0098,leak+temp+vib,high,start,synthetic_data\combined_faults\leak+temp+vib_high_start_0098.csv
 blockage+pressure_high_0099, blockage+pressure,high,start,synthetic_data\combined_faults\ blockage+pressure_high_start_0099.csv
leak+blockage_start_0100,leak+blockage,start,high,synthetic_data\combined_faults\leak+blockage_start_high_0100.csv
leak+temp+vib_high_0101,leak+temp+vib,high,start,synthetic_data\combined_faults\leak+temp+vib_high_start_0101.csv
 blockage+pressure_high_0102, blockage+pressure,high,start,synthetic_data\combined_faults\ blockage+pressure_high_start_0102.csv
leak+blockage_start_0103,leak+blockage,start,high,synthetic_data\combined_faults\leak+blockage_start_high_0103.csv
leak+temp+vib_high_0104,leak+temp+vib,high,start,synthetic_data\combined_faults\leak+temp+vib_high_start_0104.csv
 blockage+pressure_high_0105, blockage+pressure,high,start,synthetic_data\combined_faults\ blockage+pressure_high_start_0105.csv
leak+blockage_start_0106,leak+blockage,start,high,synthetic_data\combined_faults\leak+blockage_start_high_0106.csv
leak+temp+vib_high_0107,leak+temp+vib,high,start,synthetic_data\combined_faults\leak+temp+vib_high_start_0107.csv
 blockage+pressure_high_0108, blockage+pressure,high,start,synthetic_data\combined_faults\ blockage+pressure_high_start_0108.csv
leak+blockage_start_0109,leak+blockage,start,high,synthetic_data\combined_faults\leak+blockage_start_high_0109.csv
leak+temp+vib_high_0110,leak+temp+vib,high,start,synthetic_data\combined_faults\leak+temp+vib_high_start_0110.csv
 blockage+pressure_high_0111, blockage+pressure,high,start,synthetic_data\combined_faults\ blockage+pressure_high_start_0111.csv
leak+blockage_start_0112,leak+blockage,start,high,synthetic_data\combined_faults\leak+blockage_start_high_0112.csv
leak+temp+vib_high_0113,leak+temp+vib,high,start,synthetic_data\combined_faults\leak+temp+vib_high_start_0113.csv
 blockage+pressure_high_0114, blockage+pressure,high,start,synthetic_data\combined_faults\ blockage+pressure_high_start_0114.csv
leak+blockage_start_0115,leak+blockage,start,high,synthetic_data\combined_faults\leak+blockage_start_high_0115.csv
leak+temp+vib_high_0116,leak+temp+vib,high,start,synthetic_data\combined_faults\leak+temp+vib_high_start_0116.csv
 blockage+pressure_high_0117, blockage+pressure,high,start,synthetic_data\combined_faults\ blockage+pressure_high_start_0117.csv
leak+blockage_start_0118,leak+blockage,start,high,synthetic_data\combined_faults\leak+blockage_start_high_0118.csv
leak+temp+vib_high_0119,leak+temp+vib,high,start,synthetic_data\combined_faults\leak+temp+vib_high_start_0119.csv
 blockage+pressure_high_0120, blockage+pressure,high,start,synthetic_data\combined_faults\ blockage+pressure_high_start_0120.csv
leak+blockage_start_0121,leak+blockage,start,high,synthetic_data\combined_faults\leak+blockage_start_high_0121.csv
leak+temp+vib_high_0122,leak+temp+vib,high,start,synthetic_data\combined_faults\leak+temp+vib_high_start_0122.csv
 blockage+pressure_high_0123, blockage+pressure,high,start,synthetic_data\combined_faults\ blockage+pressure_high_start_0123.csv
leak+blockage_start_0124,leak+blockage,start,high,synthetic_data\combined_faults\leak+blockage_start_high_0124.csv
leak+temp+vib_high_0125,leak+temp+vib,high,start,synthetic_data\combined_faults\leak+temp+vib_high_start_0125.csv
 blockage+pressure_high_0126, blockage+pressure,high,start,synthetic_data\combined_faults\ blockage+pressure_high_start_0126.csv
leak+blockage_start_0127,leak+blockage,start,high,synthetic_data\combined_faults\leak+blockage_start_high_0127.csv
leak+temp+vib_high_0128,leak+temp+vib,high,start,synthetic_data\combined_faults\leak+temp+vib_high_start_0128.csv
 blockage+pressure_high_0129, blockage+pressure,high,start,synthetic_data\combined_faults\ blockage+pressure_high_start_0129.csv
leak+blockage_start_0130,leak+blockage,start,high,synthetic_data\combined_faults\leak+blockage_start_high_0130.csv
leak+temp+vib_high_0131,leak+temp+vib,high,start,synthetic_data\combined_faults\leak+temp+vib_high_start_0131.csv
 blockage+pressure_high_0132, blockage+pressure,high,start,synthetic_data\combined_faults\ blockage+pressure_high_start_0132.csv
leak+blockage_start_0133,leak+blockage,start,high,synthetic_data\combined_faults\leak+blockage_start_high_0133.csv
leak+temp+vib_high_0134,leak+temp+vib,high,start,synthetic_data\combined_faults\leak+temp+vib_high_start_0134.csv
 blockage+pressure_high_0135, blockage+pressure,high,start,synthetic_data\combined_faults\ blockage+pressure_high_start_0135.csv
leak+blockage_start_0136,leak+blockage,start,high,synthetic_data\combined_faults\leak+blockage_start_high_0136.csv
leak+temp+vib_high_0137,leak+temp+vib,high,start,synthetic_data\combined_faults\leak+temp+vib_high_start_0137.csv
 blockage+pressure_high_0138, blockage+pressure,high,start,synthetic_data\combined_faults\ blockage+pressure_high_start_0138.csv
leak+blockage_start_0139,leak+blockage,start,high,synthetic_data\combined_faults\leak+blockage_start_high_0139.csv
leak+temp+vib_high_0140,leak+temp+vib,high,start,synthetic_data\combined_faults\leak+temp+vib_high_start_0140.csv
 blockage+pressure_high_0141, blockage+pressure,high,start,synthetic_data\combined_faults\ blockage+pressure_high_start_0141.csv
leak+blockage_start_0142,leak+blockage,start,high,synthetic_data\combined_faults\leak+blockage_start_high_0142.csv
leak+temp+vib_high_0143,leak+temp+vib,high,start,synthetic_data\combined_faults\leak+temp+vib_high_start_0143.csv
 blockage+pressure_high_0144, blockage+pressure,high,start,synthetic_data\combined_faults\ blockage+pressure_high_start_0144.csv
leak+blockage_start_0145,leak+blockage,start,high,synthetic_data\combined_faults\leak+blockage_start_high_0145.csv
leak+temp+vib_high_0146,leak+temp+vib,high,start,synthetic_data\combined_faults\leak+temp+vib_high_start_0146.csv
 blockage+pressure_high_0147, blockage+pressure,high,start,synthetic_data\combined_faults\ blockage+pressure_high_start_0147.csv
leak+blockage_start_0148,leak+blockage,start,high,synthetic_data\combined_faults\leak+blockage_start_high_0148.csv
leak+temp+vib_high_0149,leak+temp+vib,high,start,synthetic_data\combined_faults\leak+temp+vib_high_start_0149.csv
 blockage+pressure_high_0150, blockage+pressure,high,start,synthetic_data\combined_faults\ blockage+pressure_high_start_0150.csv
leak+blockage_random_0151,leak+blockage,random,low,synthetic_data\combined_faults\leak+blockage_random_low_0151.csv
leak+temp+vib_low_0152,leak+temp+vib,low,random,synthetic_data\combined_faults\leak+temp+vib_low_random_0152.csv
 blockage+pressure_low_0153, blockage+pressure,low,random,synthetic_data\combined_faults\ blockage+pressure_low_random_0153.csv
leak+blockage_random_0154,leak+blockage,random,low,synthetic_data\combined_faults\leak+blockage_random_low_0154.csv
leak+temp+vib_low_0155,leak+temp+vib,low,random,synthetic_data\combined_faults\leak+temp+vib_low_random_0155.csv
 blockage+pressure_low_0156, blockage+pressure,low,random,synthetic_data\combined_faults\ blockage+pressure_low_random_0156.csv
leak+blockage_random_0157,leak+blockage,random,low,synthetic_data\combined_faults\leak+blockage_random_low_0157.csv
leak+temp+vib_low_0158,leak+temp+vib,low,random,synthetic_data\combined_faults\leak+temp+vib_low_random_0158.csv
 blockage+pressure_low_0159, blockage+pressure,low,random,synthetic_data\combined_faults\ blockage+pressure_low_random_0159.csv
leak+blockage_random_0160,leak+blockage,random,low,synthetic_data\combined_faults\leak+blockage_random_low_0160.csv
leak+temp+vib_low_0161,leak+temp+vib,low,random,synthetic_data\combined_faults\leak+temp+vib_low_random_0161.csv
 blockage+pressure_low_0162, blockage+pressure,low,random,synthetic_data\combined_faults\ blockage+pressure_low_random_0162.csv
leak+blockage_random_0163,leak+blockage,random,low,synthetic_data\combined_faults\leak+blockage_random_low_0163.csv
leak+temp+vib_low_0164,leak+temp+vib,low,random,synthetic_data\combined_faults\leak+temp+vib_low_random_0164.csv
 blockage+pressure_low_0165, blockage+pressure,low,random,synthetic_data\combined_faults\ blockage+pressure_low_random_0165.csv
leak+blockage_random_0166,leak+blockage,random,low,synthetic_data\combined_faults\leak+blockage_random_low_0166.csv
leak+temp+vib_low_0167,leak+temp+vib,low,random,synthetic_data\combined_faults\leak+temp+vib_low_random_0167.csv
 blockage+pressure_low_0168, blockage+pressure,low,random,synthetic_data\combined_faults\ blockage+pressure_low_random_0168.csv
leak+blockage_random_0169,leak+blockage,random,low,synthetic_data\combined_faults\leak+blockage_random_low_0169.csv
leak+temp+vib_low_0170,leak+temp+vib,low,random,synthetic_data\combined_faults\leak+temp+vib_low_random_0170.csv
 blockage+pressure_low_0171, blockage+pressure,low,random,synthetic_data\combined_faults\ blockage+pressure_low_random_0171.csv
leak+blockage_random_0172,leak+blockage,random,low,synthetic_data\combined_faults\leak+blockage_random_low_0172.csv
leak+temp+vib_low_0173,leak+temp+vib,low,random,synthetic_data\combined_faults\leak+temp+vib_low_random_0173.csv
 blockage+pressure_low_0174, blockage+pressure,low,random,synthetic_data\combined_faults\ blockage+pressure_low_random_0174.csv
leak+blockage_random_0175,leak+blockage,random,low,synthetic_data\combined_faults\leak+blockage_random_low_0175.csv
leak+temp+vib_low_0176,leak+temp+vib,low,random,synthetic_data\combined_faults\leak+temp+vib_low_random_0176.csv
 blockage+pressure_low_0177, blockage+pressure,low,random,synthetic_data\combined_faults\ blockage+pressure_low_random_0177.csv
leak+blockage_random_0178,leak+blockage,random,low,synthetic_data\combined_faults\leak+blockage_random_low_0178.csv
leak+temp+vib_low_0179,leak+temp+vib,low,random,synthetic_data\combined_faults\leak+temp+vib_low_random_0179.csv
 blockage+pressure_low_0180, blockage+pressure,low,random,synthetic_data\combined_faults\ blockage+pressure_low_random_0180.csv
leak+blockage_random_0181,leak+blockage,random,low,synthetic_data\combined_faults\leak+blockage_random_low_0181.csv
leak+temp+vib_low_0182,leak+temp+vib,low,random,synthetic_data\combined_faults\leak+temp+vib_low_random_0182.csv
 blockage+pressure_low_0183, blockage+pressure,low,random,synthetic_data\combined_faults\ blockage+pressure_low_random_0183.csv
leak+blockage_random_0184,leak+blockage,random,low,synthetic_data\combined_faults\leak+blockage_random_low_0184.csv
leak+temp+vib_low_0185,leak+temp+vib,low,random,synthetic_data\combined_faults\leak+temp+vib_low_random_0185.csv
 blockage+pressure_low_0186, blockage+pressure,low,random,synthetic_data\combined_faults\ blockage+pressure_low_random_0186.csv
leak+blockage_random_0187,leak+blockage,random,low,synthetic_data\combined_faults\leak+blockage_random_low_0187.csv
leak+temp+vib_low_0188,leak+temp+vib,low,random,synthetic_data\combined_faults\leak+temp+vib_low_random_0188.csv
 blockage+pressure_low_0189, blockage+pressure,low,random,synthetic_data\combined_faults\ blockage+pressure_low_random_0189.csv
leak+blockage_random_0190,leak+blockage,random,low,synthetic_data\combined_faults\leak+blockage_random_low_0190.csv
leak+temp+vib_low_0191,leak+temp+vib,low,random,synthetic_data\combined_faults\leak+temp+vib_low_random_0191.csv
 blockage+pressure_low_0192, blockage+pressure,low,random,synthetic_data\combined_faults\ blockage+pressure_low_random_0192.csv
leak+blockage_random_0193,leak+blockage,random,low,synthetic_data\combined_faults\leak+blockage_random_low_0193.csv
leak+temp+vib_low_0194,leak+temp+vib,low,random,synthetic_data\combined_faults\leak+temp+vib_low_random_0194.csv
 blockage+pressure_low_0195, blockage+pressure,low,random,synthetic_data\combined_faults\ blockage+pressure_low_random_0195.csv
leak+blockage_random_0196,leak+blockage,random,low,synthetic_data\combined_faults\leak+blockage_random_low_0196.csv
leak+temp+vib_low_0197,leak+temp+vib,low,random,synthetic_data\combined_faults\leak+temp+vib_low_random_0197.csv
 blockage+pressure_low_0198, blockage+pressure,low,random,synthetic_data\combined_faults\ blockage+pressure_low_random_0198.csv
leak+blockage_random_0199,leak+blockage,random,low,synthetic_data\combined_faults\leak+blockage_random_low_0199.csv
leak+temp+vib_low_0200,leak+temp+vib,low,random,synthetic_data\combined_faults\leak+temp+vib_low_random_0200.csv
 blockage+pressure_low_0201, blockage+pressure,low,random,synthetic_data\combined_faults\ blockage+pressure_low_random_0201.csv
leak+blockage_random_0202,leak+blockage,random,low,synthetic_data\combined_faults\leak+blockage_random_low_0202.csv
leak+temp+vib_low_0203,leak+temp+vib,low,random,synthetic_data\combined_faults\leak+temp+vib_low_random_0203.csv
 blockage+pressure_low_0204, blockage+pressure,low,random,synthetic_data\combined_faults\ blockage+pressure_low_random_0204.csv
leak+blockage_random_0205,leak+blockage,random,low,synthetic_data\combined_faults\leak+blockage_random_low_0205.csv
leak+temp+vib_low_0206,leak+temp+vib,low,random,synthetic_data\combined_faults\leak+temp+vib_low_random_0206.csv
 blockage+pressure_low_0207, blockage+pressure,low,random,synthetic_data\combined_faults\ blockage+pressure_low_random_0207.csv
leak+blockage_random_0208,leak+blockage,random,low,synthetic_data\combined_faults\leak+blockage_random_low_0208.csv
leak+temp+vib_low_0209,leak+temp+vib,low,random,synthetic_data\combined_faults\leak+temp+vib_low_random_0209.csv
 blockage+pressure_low_0210, blockage+pressure,low,random,synthetic_data\combined_faults\ blockage+pressure_low_random_0210.csv
leak+blockage_random_0211,leak+blockage,random,low,synthetic_data\combined_faults\leak+blockage_random_low_0211.csv
leak+temp+vib_low_0212,leak+temp+vib,low,random,synthetic_data\combined_faults\leak+temp+vib_low_random_0212.csv
 blockage+pressure_low_0213, blockage+pressure,low,random,synthetic_data\combined_faults\ blockage+pressure_low_random_0213.csv
leak+blockage_random_0214,leak+blockage,random,low,synthetic_data\combined_faults\leak+blockage_random_low_0214.csv
leak+temp+vib_low_0215,leak+temp+vib,low,random,synthetic_data\combined_faults\leak+temp+vib_low_random_0215.csv
 blockage+pressure_low_0216, blockage+pressure,low,random,synthetic_data\combined_faults\ blockage+pressure_low_random_0216.csv
leak+blockage_random_0217,leak+blockage,random,low,synthetic_data\combined_faults\leak+blockage_random_low_0217.csv
leak+temp+vib_low_0218,leak+temp+vib,low,random,synthetic_data\combined_faults\leak+temp+vib_low_random_0218.csv
 blockage+pressure_low_0219, blockage+pressure,low,random,synthetic_data\combined_faults\ blockage+pressure_low_random_0219.csv
leak+blockage_random_0220,leak+blockage,random,low,synthetic_data\combined_faults\leak+blockage_random_low_0220.csv
leak+temp+vib_low_0221,leak+temp+vib,low,random,synthetic_data\combined_faults\leak+temp+vib_low_random_0221.csv
 blockage+pressure_low_0222, blockage+pressure,low,random,synthetic_data\combined_faults\ blockage+pressure_low_random_0222.csv
leak+blockage_random_0223,leak+blockage,random,low,synthetic_data\combined_faults\leak+blockage_random_low_0223.csv
leak+temp+vib_low_0224,leak+temp+vib,low,random,synthetic_data\combined_faults\leak+temp+vib_low_random_0224.csv
 blockage+pressure_low_0225, blockage+pressure,low,random,synthetic_data\combined_faults\ blockage+pressure_low_random_0225.csv
leak+blockage_random_0226,leak+blockage,random,high,synthetic_data\combined_faults\leak+blockage_random_high_0226.csv
leak+temp+vib_high_0227,leak+temp+vib,high,random,synthetic_data\combined_faults\leak+temp+vib_high_random_0227.csv
 blockage+pressure_high_0228, blockage+pressure,high,random,synthetic_data\combined_faults\ blockage+pressure_high_random_0228.csv
leak+blockage_random_0229,leak+blockage,random,high,synthetic_data\combined_faults\leak+blockage_random_high_0229.csv
leak+temp+vib_high_0230,leak+temp+vib,high,random,synthetic_data\combined_faults\leak+temp+vib_high_random_0230.csv
 blockage+pressure_high_0231, blockage+pressure,high,random,synthetic_data\combined_faults\ blockage+pressure_high_random_0231.csv
leak+blockage_random_0232,leak+blockage,random,high,synthetic_data\combined_faults\leak+blockage_random_high_0232.csv
leak+temp+vib_high_0233,leak+temp+vib,high,random,synthetic_data\combined_faults\leak+temp+vib_high_random_0233.csv
 blockage+pressure_high_0234, blockage+pressure,high,random,synthetic_data\combined_faults\ blockage+pressure_high_random_0234.csv
leak+blockage_random_0235,leak+blockage,random,high,synthetic_data\combined_faults\leak+blockage_random_high_0235.csv
leak+temp+vib_high_0236,leak+temp+vib,high,random,synthetic_data\combined_faults\leak+temp+vib_high_random_0236.csv
 blockage+pressure_high_0237, blockage+pressure,high,random,synthetic_data\combined_faults\ blockage+pressure_high_random_0237.csv
leak+blockage_random_0238,leak+blockage,random,high,synthetic_data\combined_faults\leak+blockage_random_high_0238.csv
leak+temp+vib_high_0239,leak+temp+vib,high,random,synthetic_data\combined_faults\leak+temp+vib_high_random_0239.csv
 blockage+pressure_high_0240, blockage+pressure,high,random,synthetic_data\combined_faults\ blockage+pressure_high_random_0240.csv
leak+blockage_random_0241,leak+blockage,random,high,synthetic_data\combined_faults\leak+blockage_random_high_0241.csv
leak+temp+vib_high_0242,leak+temp+vib,high,random,synthetic_data\combined_faults\leak+temp+vib_high_random_0242.csv
 blockage+pressure_high_0243, blockage+pressure,high,random,synthetic_data\combined_faults\ blockage+pressure_high_random_0243.csv
leak+blockage_random_0244,leak+blockage,random,high,synthetic_data\combined_faults\leak+blockage_random_high_0244.csv
leak+temp+vib_high_0245,leak+temp+vib,high,random,synthetic_data\combined_faults\leak+temp+vib_high_random_0245.csv
 blockage+pressure_high_0246, blockage+pressure,high,random,synthetic_data\combined_faults\ blockage+pressure_high_random_0246.csv
leak+blockage_random_0247,leak+blockage,random,high,synthetic_data\combined_faults\leak+blockage_random_high_0247.csv
leak+temp+vib_high_0248,leak+temp+vib,high,random,synthetic_data\combined_faults\leak+temp+vib_high_random_0248.csv
 blockage+pressure_high_0249, blockage+pressure,high,random,synthetic_data\combined_faults\ blockage+pressure_high_random_0249.csv
leak+blockage_random_0250,leak+blockage,random,high,synthetic_data\combined_faults\leak+blockage_random_high_0250.csv
leak+temp+vib_high_0251,leak+temp+vib,high,random,synthetic_data\combined_faults\leak+temp+vib_high_random_0251.csv
 blockage+pressure_high_0252, blockage+pressure,high,random,synthetic_data\combined_faults\ blockage+pressure_high_random_0252.csv
leak+blockage_random_0253,leak+blockage,random,high,synthetic_data\combined_faults\leak+blockage_random_high_0253.csv
leak+temp+vib_high_0254,leak+temp+vib,high,random,synthetic_data\combined_faults\leak+temp+vib_high_random_0254.csv
 blockage+pressure_high_0255, blockage+pressure,high,random,synthetic_data\combined_faults\ blockage+pressure_high_random_0255.csv
leak+blockage_random_0256,leak+blockage,random,high,synthetic_data\combined_faults\leak+blockage_random_high_0256.csv
leak+temp+vib_high_0257,leak+temp+vib,high,random,synthetic_data\combined_faults\leak+temp+vib_high_random_0257.csv
 blockage+pressure_high_0258, blockage+pressure,high,random,synthetic_data\combined_faults\ blockage+pressure_high_random_0258.csv
leak+blockage_random_0259,leak+blockage,random,high,synthetic_data\combined_faults\leak+blockage_random_high_0259.csv
leak+temp+vib_high_0260,leak+temp+vib,high,random,synthetic_data\combined_faults\leak+temp+vib_high_random_0260.csv
 blockage+pressure_high_0261, blockage+pressure,high,random,synthetic_data\combined_faults\ blockage+pressure_high_random_0261.csv
leak+blockage_random_0262,leak+blockage,random,high,synthetic_data\combined_faults\leak+blockage_random_high_0262.csv
leak+temp+vib_high_0263,leak+temp+vib,high,random,synthetic_data\combined_faults\leak+temp+vib_high_random_0263.csv
 blockage+pressure_high_0264, blockage+pressure,high,random,synthetic_data\combined_faults\ blockage+pressure_high_random_0264.csv
leak+blockage_random_0265,leak+blockage,random,high,synthetic_data\combined_faults\leak+blockage_random_high_0265.csv
leak+temp+vib_high_0266,leak+temp+vib,high,random,synthetic_data\combined_faults\leak+temp+vib_high_random_0266.csv
 blockage+pressure_high_0267, blockage+pressure,high,random,synthetic_data\combined_faults\ blockage+pressure_high_random_0267.csv
leak+blockage_random_0268,leak+blockage,random,high,synthetic_data\combined_faults\leak+blockage_random_high_0268.csv
leak+temp+vib_high_0269,leak+temp+vib,high,random,synthetic_data\combined_faults\leak+temp+vib_high_random_0269.csv
 blockage+pressure_high_0270, blockage+pressure,high,random,synthetic_data\combined_faults\ blockage+pressure_high_random_0270.csv
leak+blockage_random_0271,leak+blockage,random,high,synthetic_data\combined_faults\leak+blockage_random_high_0271.csv
leak+temp+vib_high_0272,leak+temp+vib,high,random,synthetic_data\combined_faults\leak+temp+vib_high_random_0272.csv
 blockage+pressure_high_0273, blockage+pressure,high,random,synthetic_data\combined_faults\ blockage+pressure_high_random_0273.csv
leak+blockage_random_0274,leak+blockage,random,high,synthetic_data\combined_faults\leak+blockage_random_high_0274.csv
leak+temp+vib_high_0275,leak+temp+vib,high,random,synthetic_data\combined_faults\leak+temp+vib_high_random_0275.csv
 blockage+pressure_high_0276, blockage+pressure,high,random,synthetic_data\combined_faults\ blockage+pressure_high_random_0276.csv
leak+blockage_random_0277,leak+blockage,random,high,synthetic_data\combined_faults\leak+blockage_random_high_0277.csv
leak+temp+vib_high_0278,leak+temp+vib,high,random,synthetic_data\combined_faults\leak+temp+vib_high_random_0278.csv
 blockage+pressure_high_0279, blockage+pressure,high,random,synthetic_data\combined_faults\ blockage+pressure_high_random_0279.csv
leak+blockage_random_0280,leak+blockage,random,high,synthetic_data\combined_faults\leak+blockage_random_high_0280.csv
leak+temp+vib_high_0281,leak+temp+vib,high,random,synthetic_data\combined_faults\leak+temp+vib_high_random_0281.csv
 blockage+pressure_high_0282, blockage+pressure,high,random,synthetic_data\combined_faults\ blockage+pressure_high_random_0282.csv
leak+blockage_random_0283,leak+blockage,random,high,synthetic_data\combined_faults\leak+blockage_random_high_0283.csv
leak+temp+vib_high_0284,leak+temp+vib,high,random,synthetic_data\combined_faults\leak+temp+vib_high_random_0284.csv
 blockage+pressure_high_0285, blockage+pressure,high,random,synthetic_data\combined_faults\ blockage+pressure_high_random_0285.csv
leak+blockage_random_0286,leak+blockage,random,high,synthetic_data\combined_faults\leak+blockage_random_high_0286.csv
leak+temp+vib_high_0287,leak+temp+vib,high,random,synthetic_data\combined_faults\leak+temp+vib_high_random_0287.csv
 blockage+pressure_high_0288, blockage+pressure,high,random,synthetic_data\combined_faults\ blockage+pressure_high_random_0288.csv
leak+blockage_random_0289,leak+blockage,random,high,synthetic_data\combined_faults\leak+blockage_random_high_0289.csv
leak+temp+vib_high_0290,leak+temp+vib,high,random,synthetic_data\combined_faults\leak+temp+vib_high_random_0290.csv
 blockage+pressure_high_0291, blockage+pressure,high,random,synthetic_data\combined_faults\ blockage+pressure_high_random_0291.csv
leak+blockage_random_0292,leak+blockage,random,high,synthetic_data\combined_faults\leak+blockage_random_high_0292.csv
leak+temp+vib_high_0293,leak+temp+vib,high,random,synthetic_data\combined_faults\leak+temp+vib_high_random_0293.csv
 blockage+pressure_high_0294, blockage+pressure,high,random,synthetic_data\combined_faults\ blockage+pressure_high_random_0294.csv
leak+blockage_random_0295,leak+blockage,random,high,synthetic_data\combined_faults\leak+blockage_random_high_0295.csv
leak+temp+vib_high_0296,leak+temp+vib,high,random,synthetic_data\combined_faults\leak+temp+vib_high_random_0296.csv
 blockage+pressure_high_0297, blockage+pressure,high,random,synthetic_data\combined_faults\ blockage+pressure_high_random_0297.csv
leak+blockage_random_0298,leak+blockage,random,high,synthetic_data\combined_faults\leak+blockage_random_high_0298.csv
leak+temp+vib_high_0299,leak+temp+vib,high,random,synthetic_data\combined_faults\leak+temp+vib_high_random_0299.csv
 blockage+pressure_high_0300, blockage+pressure,high,random,synthetic_data\combined_faults\ blockage+pressure_high_random_0300.csv
leak+blockage_recover_0301,leak+blockage,recover,low,synthetic_data\combined_faults\leak+blockage_recover_low_0301.csv
leak+temp+vib_low_0302,leak+temp+vib,low,recover,synthetic_data\combined_faults\leak+temp+vib_low_recover_0302.csv
 blockage+pressure_low_0303, blockage+pressure,low,recover,synthetic_data\combined_faults\ blockage+pressure_low_recover_0303.csv
leak+blockage_recover_0304,leak+blockage,recover,low,synthetic_data\combined_faults\leak+blockage_recover_low_0304.csv
leak+temp+vib_low_0305,leak+temp+vib,low,recover,synthetic_data\combined_faults\leak+temp+vib_low_recover_0305.csv
 blockage+pressure_low_0306, blockage+pressure,low,recover,synthetic_data\combined_faults\ blockage+pressure_low_recover_0306.csv
leak+blockage_recover_0307,leak+blockage,recover,low,synthetic_data\combined_faults\leak+blockage_recover_low_0307.csv
leak+temp+vib_low_0308,leak+temp+vib,low,recover,synthetic_data\combined_faults\leak+temp+vib_low_recover_0308.csv
 blockage+pressure_low_0309, blockage+pressure,low,recover,synthetic_data\combined_faults\ blockage+pressure_low_recover_0309.csv
leak+blockage_recover_0310,leak+blockage,recover,low,synthetic_data\combined_faults\leak+blockage_recover_low_0310.csv
leak+temp+vib_low_0311,leak+temp+vib,low,recover,synthetic_data\combined_faults\leak+temp+vib_low_recover_0311.csv
 blockage+pressure_low_0312, blockage+pressure,low,recover,synthetic_data\combined_faults\ blockage+pressure_low_recover_0312.csv
leak+blockage_recover_0313,leak+blockage,recover,low,synthetic_data\combined_faults\leak+blockage_recover_low_0313.csv
leak+temp+vib_low_0314,leak+temp+vib,low,recover,synthetic_data\combined_faults\leak+temp+vib_low_recover_0314.csv
 blockage+pressure_low_0315, blockage+pressure,low,recover,synthetic_data\combined_faults\ blockage+pressure_low_recover_0315.csv
leak+blockage_recover_0316,leak+blockage,recover,low,synthetic_data\combined_faults\leak+blockage_recover_low_0316.csv
leak+temp+vib_low_0317,leak+temp+vib,low,recover,synthetic_data\combined_faults\leak+temp+vib_low_recover_0317.csv
 blockage+pressure_low_0318, blockage+pressure,low,recover,synthetic_data\combined_faults\ blockage+pressure_low_recover_0318.csv
leak+blockage_recover_0319,leak+blockage,recover,low,synthetic_data\combined_faults\leak+blockage_recover_low_0319.csv
leak+temp+vib_low_0320,leak+temp+vib,low,recover,synthetic_data\combined_faults\leak+temp+vib_low_recover_0320.csv
 blockage+pressure_low_0321, blockage+pressure,low,recover,synthetic_data\combined_faults\ blockage+pressure_low_recover_0321.csv
leak+blockage_recover_0322,leak+blockage,recover,low,synthetic_data\combined_faults\leak+blockage_recover_low_0322.csv
leak+temp+vib_low_0323,leak+temp+vib,low,recover,synthetic_data\combined_faults\leak+temp+vib_low_recover_0323.csv
 blockage+pressure_low_0324, blockage+pressure,low,recover,synthetic_data\combined_faults\ blockage+pressure_low_recover_0324.csv
leak+blockage_recover_0325,leak+blockage,recover,low,synthetic_data\combined_faults\leak+blockage_recover_low_0325.csv
leak+temp+vib_low_0326,leak+temp+vib,low,recover,synthetic_data\combined_faults\leak+temp+vib_low_recover_0326.csv
 blockage+pressure_low_0327, blockage+pressure,low,recover,synthetic_data\combined_faults\ blockage+pressure_low_recover_0327.csv
leak+blockage_recover_0328,leak+blockage,recover,low,synthetic_data\combined_faults\leak+blockage_recover_low_0328.csv
leak+temp+vib_low_0329,leak+temp+vib,low,recover,synthetic_data\combined_faults\leak+temp+vib_low_recover_0329.csv
 blockage+pressure_low_0330, blockage+pressure,low,recover,synthetic_data\combined_faults\ blockage+pressure_low_recover_0330.csv
leak+blockage_recover_0331,leak+blockage,recover,low,synthetic_data\combined_faults\leak+blockage_recover_low_0331.csv
leak+temp+vib_low_0332,leak+temp+vib,low,recover,synthetic_data\combined_faults\leak+temp+vib_low_recover_0332.csv
 blockage+pressure_low_0333, blockage+pressure,low,recover,synthetic_data\combined_faults\ blockage+pressure_low_recover_0333.csv
leak+blockage_recover_0334,leak+blockage,recover,low,synthetic_data\combined_faults\leak+blockage_recover_low_0334.csv
leak+temp+vib_low_0335,leak+temp+vib,low,recover,synthetic_data\combined_faults\leak+temp+vib_low_recover_0335.csv
 blockage+pressure_low_0336, blockage+pressure,low,recover,synthetic_data\combined_faults\ blockage+pressure_low_recover_0336.csv
leak+blockage_recover_0337,leak+blockage,recover,low,synthetic_data\combined_faults\leak+blockage_recover_low_0337.csv
leak+temp+vib_low_0338,leak+temp+vib,low,recover,synthetic_data\combined_faults\leak+temp+vib_low_recover_0338.csv
 blockage+pressure_low_0339, blockage+pressure,low,recover,synthetic_data\combined_faults\ blockage+pressure_low_recover_0339.csv
leak+blockage_recover_0340,leak+blockage,recover,low,synthetic_data\combined_faults\leak+blockage_recover_low_0340.csv
leak+temp+vib_low_0341,leak+temp+vib,low,recover,synthetic_data\combined_faults\leak+temp+vib_low_recover_0341.csv
 blockage+pressure_low_0342, blockage+pressure,low,recover,synthetic_data\combined_faults\ blockage+pressure_low_recover_0342.csv
leak+blockage_recover_0343,leak+blockage,recover,low,synthetic_data\combined_faults\leak+blockage_recover_low_0343.csv
leak+temp+vib_low_0344,leak+temp+vib,low,recover,synthetic_data\combined_faults\leak+temp+vib_low_recover_0344.csv
 blockage+pressure_low_0345, blockage+pressure,low,recover,synthetic_data\combined_faults\ blockage+pressure_low_recover_0345.csv
leak+blockage_recover_0346,leak+blockage,recover,low,synthetic_data\combined_faults\leak+blockage_recover_low_0346.csv
leak+temp+vib_low_0347,leak+temp+vib,low,recover,synthetic_data\combined_faults\leak+temp+vib_low_recover_0347.csv
 blockage+pressure_low_0348, blockage+pressure,low,recover,synthetic_data\combined_faults\ blockage+pressure_low_recover_0348.csv
leak+blockage_recover_0349,leak+blockage,recover,low,synthetic_data\combined_faults\leak+blockage_recover_low_0349.csv
leak+temp+vib_low_0350,leak+temp+vib,low,recover,synthetic_data\combined_faults\leak+temp+vib_low_recover_0350.csv
 blockage+pressure_low_0351, blockage+pressure,low,recover,synthetic_data\combined_faults\ blockage+pressure_low_recover_0351.csv
leak+blockage_recover_0352,leak+blockage,recover,low,synthetic_data\combined_faults\leak+blockage_recover_low_0352.csv
leak+temp+vib_low_0353,leak+temp+vib,low,recover,synthetic_data\combined_faults\leak+temp+vib_low_recover_0353.csv
 blockage+pressure_low_0354, blockage+pressure,low,recover,synthetic_data\combined_faults\ blockage+pressure_low_recover_0354.csv
leak+blockage_recover_0355,leak+blockage,recover,low,synthetic_data\combined_faults\leak+blockage_recover_low_0355.csv
leak+temp+vib_low_0356,leak+temp+vib,low,recover,synthetic_data\combined_faults\leak+temp+vib_low_recover_0356.csv
 blockage+pressure_low_0357, blockage+pressure,low,recover,synthetic_data\combined_faults\ blockage+pressure_low_recover_0357.csv
leak+blockage_recover_0358,leak+blockage,recover,low,synthetic_data\combined_faults\leak+blockage_recover_low_0358.csv
leak+temp+vib_low_0359,leak+temp+vib,low,recover,synthetic_data\combined_faults\leak+temp+vib_low_recover_0359.csv
 blockage+pressure_low_0360, blockage+pressure,low,recover,synthetic_data\combined_faults\ blockage+pressure_low_recover_0360.csv
leak+blockage_recover_0361,leak+blockage,recover,low,synthetic_data\combined_faults\leak+blockage_recover_low_0361.csv
leak+temp+vib_low_0362,leak+temp+vib,low,recover,synthetic_data\combined_faults\leak+temp+vib_low_recover_0362.csv
 blockage+pressure_low_0363, blockage+pressure,low,recover,synthetic_data\combined_faults\ blockage+pressure_low_recover_0363.csv
leak+blockage_recover_0364,leak+blockage,recover,low,synthetic_data\combined_faults\leak+blockage_recover_low_0364.csv
leak+temp+vib_low_0365,leak+temp+vib,low,recover,synthetic_data\combined_faults\leak+temp+vib_low_recover_0365.csv
 blockage+pressure_low_0366, blockage+pressure,low,recover,synthetic_data\combined_faults\ blockage+pressure_low_recover_0366.csv
leak+blockage_recover_0367,leak+blockage,recover,low,synthetic_data\combined_faults\leak+blockage_recover_low_0367.csv
leak+temp+vib_low_0368,leak+temp+vib,low,recover,synthetic_data\combined_faults\leak+temp+vib_low_recover_0368.csv
 blockage+pressure_low_0369, blockage+pressure,low,recover,synthetic_data\combined_faults\ blockage+pressure_low_recover_0369.csv
leak+blockage_recover_0370,leak+blockage,recover,low,synthetic_data\combined_faults\leak+blockage_recover_low_0370.csv
leak+temp+vib_low_0371,leak+temp+vib,low,recover,synthetic_data\combined_faults\leak+temp+vib_low_recover_0371.csv
 blockage+pressure_low_0372, blockage+pressure,low,recover,synthetic_data\combined_faults\ blockage+pressure_low_recover_0372.csv
leak+blockage_recover_0373,leak+blockage,recover,low,synthetic_data\combined_faults\leak+blockage_recover_low_0373.csv
leak+temp+vib_low_0374,leak+temp+vib,low,recover,synthetic_data\combined_faults\leak+temp+vib_low_recover_0374.csv
 blockage+pressure_low_0375, blockage+pressure,low,recover,synthetic_data\combined_faults\ blockage+pressure_low_recover_0375.csv
leak+blockage_recover_0376,leak+blockage,recover,high,synthetic_data\combined_faults\leak+blockage_recover_high_0376.csv
leak+temp+vib_high_0377,leak+temp+vib,high,recover,synthetic_data\combined_faults\leak+temp+vib_high_recover_0377.csv
 blockage+pressure_high_0378, blockage+pressure,high,recover,synthetic_data\combined_faults\ blockage+pressure_high_recover_0378.csv
leak+blockage_recover_0379,leak+blockage,recover,high,synthetic_data\combined_faults\leak+blockage_recover_high_0379.csv
leak+temp+vib_high_0380,leak+temp+vib,high,recover,synthetic_data\combined_faults\leak+temp+vib_high_recover_0380.csv
 blockage+pressure_high_0381, blockage+pressure,high,recover,synthetic_data\combined_faults\ blockage+pressure_high_recover_0381.csv
leak+blockage_recover_0382,leak+blockage,recover,high,synthetic_data\combined_faults\leak+blockage_recover_high_0382.csv
leak+temp+vib_high_0383,leak+temp+vib,high,recover,synthetic_data\combined_faults\leak+temp+vib_high_recover_0383.csv
 blockage+pressure_high_0384, blockage+pressure,high,recover,synthetic_data\combined_faults\ blockage+pressure_high_recover_0384.csv
leak+blockage_recover_0385,leak+blockage,recover,high,synthetic_data\combined_faults\leak+blockage_recover_high_0385.csv
leak+temp+vib_high_0386,leak+temp+vib,high,recover,synthetic_data\combined_faults\leak+temp+vib_high_recover_0386.csv
 blockage+pressure_high_0387, blockage+pressure,high,recover,synthetic_data\combined_faults\ blockage+pressure_high_recover_0387.csv
leak+blockage_recover_0388,leak+blockage,recover,high,synthetic_data\combined_faults\leak+blockage_recover_high_0388.csv
leak+temp+vib_high_0389,leak+temp+vib,high,recover,synthetic_data\combined_faults\leak+temp+vib_high_recover_0389.csv
 blockage+pressure_high_0390, blockage+pressure,high,recover,synthetic_data\combined_faults\ blockage+pressure_high_recover_0390.csv
leak+blockage_recover_0391,leak+blockage,recover,high,synthetic_data\combined_faults\leak+blockage_recover_high_0391.csv
leak+temp+vib_high_0392,leak+temp+vib,high,recover,synthetic_data\combined_faults\leak+temp+vib_high_recover_0392.csv
 blockage+pressure_high_0393, blockage+pressure,high,recover,synthetic_data\combined_faults\ blockage+pressure_high_recover_0393.csv
leak+blockage_recover_0394,leak+blockage,recover,high,synthetic_data\combined_faults\leak+blockage_recover_high_0394.csv
leak+temp+vib_high_0395,leak+temp+vib,high,recover,synthetic_data\combined_faults\leak+temp+vib_high_recover_0395.csv
 blockage+pressure_high_0396, blockage+pressure,high,recover,synthetic_data\combined_faults\ blockage+pressure_high_recover_0396.csv
leak+blockage_recover_0397,leak+blockage,recover,high,synthetic_data\combined_faults\leak+blockage_recover_high_0397.csv
leak+temp+vib_high_0398,leak+temp+vib,high,recover,synthetic_data\combined_faults\leak+temp+vib_high_recover_0398.csv
 blockage+pressure_high_0399, blockage+pressure,high,recover,synthetic_data\combined_faults\ blockage+pressure_high_recover_0399.csv
leak+blockage_recover_0400,leak+blockage,recover,high,synthetic_data\combined_faults\leak+blockage_recover_high_0400.csv
leak+temp+vib_high_0401,leak+temp+vib,high,recover,synthetic_data\combined_faults\leak+temp+vib_high_recover_0401.csv
 blockage+pressure_high_0402, blockage+pressure,high,recover,synthetic_data\combined_faults\ blockage+pressure_high_recover_0402.csv
leak+blockage_recover_0403,leak+blockage,recover,high,synthetic_data\combined_faults\leak+blockage_recover_high_0403.csv
leak+temp+vib_high_0404,leak+temp+vib,high,recover,synthetic_data\combined_faults\leak+temp+vib_high_recover_0404.csv
 blockage+pressure_high_0405, blockage+pressure,high,recover,synthetic_data\combined_faults\ blockage+pressure_high_recover_0405.csv
leak+blockage_recover_0406,leak+blockage,recover,high,synthetic_data\combined_faults\leak+blockage_recover_high_0406.csv
leak+temp+vib_high_0407,leak+temp+vib,high,recover,synthetic_data\combined_faults\leak+temp+vib_high_recover_0407.csv
 blockage+pressure_high_0408, blockage+pressure,high,recover,synthetic_data\combined_faults\ blockage+pressure_high_recover_0408.csv
leak+blockage_recover_0409,leak+blockage,recover,high,synthetic_data\combined_faults\leak+blockage_recover_high_0409.csv
leak+temp+vib_high_0410,leak+temp+vib,high,recover,synthetic_data\combined_faults\leak+temp+vib_high_recover_0410.csv
 blockage+pressure_high_0411, blockage+pressure,high,recover,synthetic_data\combined_faults\ blockage+pressure_high_recover_0411.csv
leak+blockage_recover_0412,leak+blockage,recover,high,synthetic_data\combined_faults\leak+blockage_recover_high_0412.csv
leak+temp+vib_high_0413,leak+temp+vib,high,recover,synthetic_data\combined_faults\leak+temp+vib_high_recover_0413.csv
 blockage+pressure_high_0414, blockage+pressure,high,recover,synthetic_data\combined_faults\ blockage+pressure_high_recover_0414.csv
leak+blockage_recover_0415,leak+blockage,recover,high,synthetic_data\combined_faults\leak+blockage_recover_high_0415.csv
leak+temp+vib_high_0416,leak+temp+vib,high,recover,synthetic_data\combined_faults\leak+temp+vib_high_recover_0416.csv
 blockage+pressure_high_0417, blockage+pressure,high,recover,synthetic_data\combined_faults\ blockage+pressure_high_recover_0417.csv
leak+blockage_recover_0418,leak+blockage,recover,high,synthetic_data\combined_faults\leak+blockage_recover_high_0418.csv
leak+temp+vib_high_0419,leak+temp+vib,high,recover,synthetic_data\combined_faults\leak+temp+vib_high_recover_0419.csv
 blockage+pressure_high_0420, blockage+pressure,high,recover,synthetic_data\combined_faults\ blockage+pressure_high_recover_0420.csv
leak+blockage_recover_0421,leak+blockage,recover,high,synthetic_data\combined_faults\leak+blockage_recover_high_0421.csv
leak+temp+vib_high_0422,leak+temp+vib,high,recover,synthetic_data\combined_faults\leak+temp+vib_high_recover_0422.csv
 blockage+pressure_high_0423, blockage+pressure,high,recover,synthetic_data\combined_faults\ blockage+pressure_high_recover_0423.csv
leak+blockage_recover_0424,leak+blockage,recover,high,synthetic_data\combined_faults\leak+blockage_recover_high_0424.csv
leak+temp+vib_high_0425,leak+temp+vib,high,recover,synthetic_data\combined_faults\leak+temp+vib_high_recover_0425.csv
 blockage+pressure_high_0426, blockage+pressure,high,recover,synthetic_data\combined_faults\ blockage+pressure_high_recover_0426.csv
leak+blockage_recover_0427,leak+blockage,recover,high,synthetic_data\combined_faults\leak+blockage_recover_high_0427.csv
leak+temp+vib_high_0428,leak+temp+vib,high,recover,synthetic_data\combined_faults\leak+temp+vib_high_recover_0428.csv
 blockage+pressure_high_0429, blockage+pressure,high,recover,synthetic_data\combined_faults\ blockage+pressure_high_recover_0429.csv
leak+blockage_recover_0430,leak+blockage,recover,high,synthetic_data\combined_faults\leak+blockage_recover_high_0430.csv
leak+temp+vib_high_0431,leak+temp+vib,high,recover,synthetic_data\combined_faults\leak+temp+vib_high_recover_0431.csv
 blockage+pressure_high_0432, blockage+pressure,high,recover,synthetic_data\combined_faults\ blockage+pressure_high_recover_0432.csv
leak+blockage_recover_0433,leak+blockage,recover,high,synthetic_data\combined_faults\leak+blockage_recover_high_0433.csv
leak+temp+vib_high_0434,leak+temp+vib,high,recover,synthetic_data\combined_faults\leak+temp+vib_high_recover_0434.csv
 blockage+pressure_high_0435, blockage+pressure,high,recover,synthetic_data\combined_faults\ blockage+pressure_high_recover_0435.csv
leak+blockage_recover_0436,leak+blockage,recover,high,synthetic_data\combined_faults\leak+blockage_recover_high_0436.csv
leak+temp+vib_high_0437,leak+temp+vib,high,recover,synthetic_data\combined_faults\leak+temp+vib_high_recover_0437.csv
 blockage+pressure_high_0438, blockage+pressure,high,recover,synthetic_data\combined_faults\ blockage+pressure_high_recover_0438.csv
leak+blockage_recover_0439,leak+blockage,recover,high,synthetic_data\combined_faults\leak+blockage_recover_high_0439.csv
leak+temp+vib_high_0440,leak+temp+vib,high,recover,synthetic_data\combined_faults\leak+temp+vib_high_recover_0440.csv
 blockage+pressure_high_0441, blockage+pressure,high,recover,synthetic_data\combined_faults\ blockage+pressure_high_recover_0441.csv
leak+blockage_recover_0442,leak+blockage,recover,high,synthetic_data\combined_faults\leak+blockage_recover_high_0442.csv
leak+temp+vib_high_0443,leak+temp+vib,high,recover,synthetic_data\combined_faults\leak+temp+vib_high_recover_0443.csv
 blockage+pressure_high_0444, blockage+pressure,high,recover,synthetic_data\combined_faults\ blockage+pressure_high_recover_0444.csv
leak+blockage_recover_0445,leak+blockage,recover,high,synthetic_data\combined_faults\leak+blockage_recover_high_0445.csv
leak+temp+vib_high_0446,leak+temp+vib,high,recover,synthetic_data\combined_faults\leak+temp+vib_high_recover_0446.csv
 blockage+pressure_high_0447, blockage+pressure,high,recover,synthetic_data\combined_faults\ blockage+pressure_high_recover_0447.csv
leak+blockage_recover_0448,leak+blockage,recover,high,synthetic_data\combined_faults\leak+blockage_recover_high_0448.csv
leak+temp+vib_high_0449,leak+temp+vib,high,recover,synthetic_data\combined_faults\leak+temp+vib_high_recover_0449.csv
 blockage+pressure_high_0450, blockage+pressure,high,recover,synthetic_data\combined_faults\ blockage+pressure_high_recover_0450.csv
